First_Name,Last_Name,DOB,PAN_Number,Aadhaar_Number,Risk_Score,Fraud_Flag
Aanya,Rao,1976-03-08,YSAKJ8532Z,078309393858,0.2,0
Isha,Sharma,1983-08-17,CIJLS3201P,443941314235,0.16,0
Rohan,Singh,1978-12-16,FRPZW6345K,230271751447,0.04,0
Diya,Mehta,1984-01-24,TLSVQ8285K,994822306970,0.15,0
Aarav,Desai,1993-08-18,BCJYT9644Z,933125252334,0.2,0
Sai,Singh,1996-01-14,ZTYLV5790D,236146983585,0.24,0
Nisha,Mehta,1977-03-22,468273391G,6481024685,0.97,1
Vivaan,Verma,1973-07-21,UWTZN4250L,132758191952,0.24,0
Vihaan,Rao,1988-10-02,VLFDM7720G,025328779386,0.26,0
Vivaan,Sharma,1983-10-27,EYQZE3057T,095359560763,0.18,0
Rohan,Sharma,1991-04-02,TMUSV3943T,214376200662,0.04,0
Vivaan,Rao,1979-03-13,SJMLQ9838T,861512747358,0.17,0
Kavya,Desai,1972-07-22,IIATN8684O,454116259111,0.17,0
Aditya,Desai,1973-04-29,QMQRM0450Q,922724390902,0.02,0
Sai,Sharma,1975-02-25,DVGLM4516Z,135717508401,0.14,0
Sai,Kumar,1981-08-19,HPXFP2852G,917283148872,0.05,0
Arjun,Kumar,2003-04-30,RHMPZ3564M,649034061366,0.08,0
Vihaan,Kumar,1984-01-03,602124125P,5554249251,0.73,1
Kavya,Joshi,1980-09-04,AXPWE7608I,356013585157,0.18,0
Arjun,Sharma,2000-01-25,WOXFS2830P,112364879645,0.24,0
Diya,Kumar,1988-01-13,XLNKQ2506I,227955239511,0.11,0
Aditya,Verma,1997-10-20,KCSYA4235D,965079732479,0.23,0
Vihaan,Desai,1982-08-17,KQHGF4990A,608632740608,0.09,0
Sai,Mehta,1979-08-08,EWRRI1886B,138325589370,0.19,0
Nisha,Singh,1981-04-03,YOPDC3313S,339698566444,0.07,0
Aarav,Gupta,1997-11-30,GHJRF7007R,164537112520,0.06,0
Rohan,Rao,1995-07-14,OTKPT3612T,312402371435,0.15,0
Aanya,Rao,2003-12-07,UBYZS4044Y,525326376893,0.19,0
Nisha,Desai,1989-07-28,MZIRP7409Z,563538082618,0.26,0
Kavya,Joshi,1993-05-04,RDVOX9335P,557374431664,0.2,0
Rohan,Joshi,1996-01-09,BQQPY0755A,915939141328,0.24,0
Aditya,Singh,1989-02-19,QREPJ5907X,126753220644,0.26,0
Aanya,Desai,1974-02-10,WMQRC2629F,719330038577,0.15,0
Arjun,Joshi,1973-06-23,FFOPS4770O,107153214689,0.05,0
Aditya,Joshi,1970-07-15,UFKQB4849V,498034502759,0.2,0
Vihaan,Kumar,1982-02-22,CLNLU5602G,412224210768,0.29,0
Vihaan,Patel,1998-03-22,EDPHC6930E,322919721739,0.1,0
Isha,Desai,1974-11-30,UFPPF9304Z,604207764463,0.17,0
Sai,Desai,1988-10-08,OWCQM9480Q,238114549791,0.11,0
Nisha,Gupta,2003-06-23,JZLJH6961M,754593707844,0.27,0
Arjun,Rao,1985-07-24,SABXF9239J,766348553079,0.07,0
Aarav,Kumar,1994-08-20,NMGSZ2425G,586319200336,0.07,0
Nisha,Kumar,1989-12-16,164151231K,0308245417,0.87,1
Vihaan,Gupta,1985-06-05,OXYIK7089P,820680510675,0.13,0
Rohan,Desai,1996-07-01,888101100K,7181881191,0.94,1
Vihaan,Joshi,1996-09-26,ZXVRE8861V,898868192263,0.29,0
Aditya,Patel,1970-09-14,490309212X,3293750443,0.87,1
Aarav,Gupta,1973-12-24,QYECJ2522R,517469087857,0.17,0
Nisha,Desai,1978-07-10,CWERK8004H,267137040190,0.03,0
Isha,Patel,1998-07-28,NAAAE9810A,172327180232,0.12,0
Diya,Patel,1972-08-04,NILTZ6684H,636723418780,0.18,0
Arjun,Kumar,1992-12-20,FDCEP6586E,255979322847,0.26,0
Isha,Singh,1989-12-24,QPIHP9718Z,681388597320,0.26,0
Vihaan,Desai,1997-10-17,WGFQS1616E,784682268571,0.11,0
Aanya,Sharma,1971-05-21,HFIVX4439R,000289485594,0.01,0
Kavya,Patel,1996-09-18,NZZEH0205X,595188741953,0.24,0
Vivaan,Kumar,1980-03-05,DIBKW2308I,077493283234,0.16,0
Nisha,Patel,1972-11-30,QJIPE0066B,197081469443,0.1,0
Vivaan,Desai,1974-07-28,YAEPU4169P,120429959695,0.05,0
Aditya,Patel,2000-08-28,YJIZO4723W,086093824391,0.29,0
Diya,Gupta,2002-12-28,PTNMY1031O,892401167848,0.25,0
Vihaan,Gupta,1977-05-18,CHMXE9389F,866667337955,0.19,0
Kavya,Desai,2002-08-03,WZDFX3442M,064616465414,0.2,0
Vihaan,Kumar,1992-10-03,NIWOB2998I,465380194169,0.28,0
Isha,Singh,1987-11-23,DRZIX4740V,782536446171,0.15,0
Vihaan,Gupta,1984-09-20,NTVFU9046I,766723057470,0.09,0
Arjun,Sharma,1981-04-22,JZYDF9857O,850009973569,0.1,0
Isha,Desai,1980-05-17,NMVES8829E,457890434352,0.13,0
Arjun,Singh,1987-01-28,GGDPH1863D,679241669474,0.17,0
Isha,Rao,1996-07-17,KQUZL6452I,969686142611,0.16,0
Aditya,Rao,1988-11-20,YCOHH2807J,875937342129,0.18,0
Aditya,Kumar,1982-01-24,QEKHS3044M,617188536535,0.12,0
Vivaan,Gupta,1984-10-03,VLIIU1622C,162718095860,0.26,0
Diya,Rao,1982-07-31,ZTMYK0502Z,678271152240,0.1,0
Aditya,Joshi,1991-12-04,ZAFUQ7694Q,762436566687,0.03,0
Aarav,Singh,1977-03-07,DHGFS5066H,730687187413,0.29,0
Aanya,Mehta,1983-12-16,NYKTU2537M,309595187524,0.02,0
Vivaan,Sharma,2003-03-22,VHOTV6250L,446997202299,0.17,0
Nisha,Sharma,1998-04-19,ZVNPG7841X,435634767745,0.29,0
Arjun,Desai,1986-01-06,WJFRD8847G,745372377244,0.06,0
Kavya,Singh,2004-04-24,LMQUN1627E,668340589637,0.07,0
Rohan,Rao,1977-01-09,DZPQM0355N,162537933927,0.06,0
Rohan,Kumar,1991-03-12,FPHDD8901R,340430256546,0.27,0
Aarav,Gupta,1988-08-23,DPYIS4701H,649446441972,0.18,0
Isha,Gupta,1990-11-17,RQFCX6217K,128398335967,0.09,0
Aditya,Joshi,1987-11-11,EHNIK7253O,493048665632,0.28,0
Nisha,Verma,1978-03-24,XAWIZ5533O,231065617466,0.16,0
Rohan,Sharma,1989-11-30,RGAOL4808F,435160053498,0.2,0
Sai,Desai,1995-03-04,AXBWP6901S,677611286345,0.12,0
Aarav,Kumar,1999-10-06,RAVOQ5258K,102174292585,0.05,0
Vihaan,Verma,1973-08-12,SHXTI6323M,120799776687,0.06,0
Aanya,Gupta,1972-07-24,HSRFE9002M,195820396379,0.08,0
Rohan,Singh,1989-07-29,KRNCB7927F,150850969550,0.26,0
Isha,Sharma,1995-03-28,MAFHX8194W,784338007800,0.14,0
Arjun,Mehta,1980-08-05,RQKOJ7687T,883159650282,0.25,0
Vivaan,Verma,1985-09-18,JWWBL1471Y,314302113340,0.29,0
Sai,Singh,1981-05-04,OYKYJ6613X,848438606678,0.21,0
Aanya,Gupta,1976-04-04,YYTJG8350I,996091642149,0.25,0
Vivaan,Joshi,1973-01-03,ZVJNO1230J,702642175940,0.23,0
Nisha,Sharma,1989-09-01,GOOMW1142F,041843345698,0.09,0
Aanya,Gupta,1983-07-17,ASRAP8469N,795678459701,0.12,0
Arjun,Gupta,1974-12-24,UCZJG0564G,971499588195,0.07,0
Aditya,Singh,1997-07-13,UXKPS3951D,184723842350,0.28,0
Vihaan,Patel,1977-12-16,PXETM9912X,436515296397,0.01,0
Isha,Verma,1986-06-07,ZEILB6015X,025820413854,0.11,0
Sai,Sharma,1985-08-19,FCXLT5489Q,053442515909,0.03,0
Vihaan,Singh,1985-06-24,JGMDX4232X,235192334571,0.27,0
Aditya,Gupta,1991-11-28,SZGSG7487D,684616975417,0.22,0
Nisha,Desai,1971-07-04,KHACI9260G,067543442244,0.14,0
Vivaan,Verma,2000-01-15,ZBRNC7052L,550351155650,0.22,0
Kavya,Joshi,2002-11-15,TDDLR8706U,393678205902,0.14,0
Vihaan,Mehta,1978-08-10,MWPNJ0505V,443167490248,0.08,0
Rohan,Singh,1975-09-08,HSITT3900U,859527514821,0.08,0
Aditya,Desai,1988-06-16,TFJGG7812O,062480298843,0.19,0
Aanya,Desai,1979-07-13,MSMIA6773A,104647956181,0.13,0
Aarav,Patel,1971-02-13,UHFMN7985O,384033610720,0.21,0
Sai,Gupta,2001-03-04,NBNJZ2713T,829158842229,0.06,0
Aarav,Sharma,1986-06-14,MDCWE0777D,872979526702,0.05,0
Kavya,Joshi,1995-12-06,BYYOH6919K,685400480004,0.04,0
Aanya,Sharma,1997-02-06,WSRJE9391I,172378142000,0.18,0
Aarav,Gupta,1979-04-22,TXKQN7376S,558395694707,0.29,0
Nisha,Kumar,1974-07-27,QJTPI8913M,882996848906,0.11,0
Kavya,Mehta,2002-04-22,LQHOB7920V,531170433947,0.24,0
Aarav,Sharma,1998-01-05,CIXTT5301M,795390975107,0.29,0
Aditya,Mehta,1990-06-17,HZXBG9745A,426897942116,0.3,0
Nisha,Mehta,1998-05-13,885115776Z,6040092090,0.9,1
Kavya,Rao,1971-07-27,QFGEK8138P,715415957335,0.14,0
Sai,Verma,1979-09-14,ELMTP6437M,223591454467,0.29,0
Nisha,Verma,2004-03-05,XEHIB1443P,957208778115,0.09,0
Isha,Verma,1998-01-23,AHTPN8564V,842195769188,0.3,0
Rohan,Singh,1975-04-11,AKEPO4930D,290026962030,0.16,0
Aanya,Rao,1988-08-06,LUHND0518S,557563740078,0.19,0
Nisha,Patel,1979-01-17,CTXBN6915V,248427939141,0.04,0
Aditya,Mehta,2003-01-28,FYSNP4580M,878088794845,0.04,0
Vihaan,Singh,1978-01-29,BOBJK1289F,745405172008,0.01,0
Vihaan,Gupta,1999-12-16,949805439L,1263775930,0.8,1
Aarav,Sharma,1972-09-30,UCVYS4228I,629969098426,0.14,0
Rohan,Joshi,1978-02-22,QJESN6359M,557038508605,0.09,0
Arjun,Patel,1980-12-23,AYVML2006O,255995257398,0.19,0
Kavya,Joshi,1982-06-02,MPPOH4670V,010252011916,0.02,0
Sai,Desai,1974-02-16,IGZNR3646G,167448614742,0.13,0
Sai,Sharma,2003-06-07,MQIES9069Y,976978465858,0.06,0
Aarav,Mehta,1974-08-06,JUCEA4969R,662492175874,0.13,0
Vivaan,Desai,1989-07-31,NMTJC0929I,637785571526,0.07,0
Arjun,Sharma,1995-11-07,IJTIS3100H,585782758543,0.05,0
Vivaan,Patel,2000-08-04,RXHLW3692L,224614226937,0.28,0
Diya,Verma,1983-12-07,CZTFJ2367C,168745693853,0.16,0
Aanya,Joshi,1983-09-26,ISAMX3975E,109618825148,0.26,0
Isha,Joshi,1975-02-14,933658383W,3887995859,0.98,1
Vivaan,Joshi,1973-12-12,RPWWR9545R,586670830930,0.29,0
Aarav,Patel,1987-09-04,380917892C,3656609457,0.88,1
Isha,Kumar,1981-08-05,RXQMF7416X,518101261264,0.14,0
Vivaan,Verma,1985-11-19,BSNRP3356B,950830901138,0.18,0
Isha,Mehta,1970-10-29,VUYAG0971J,298818878231,0.11,0
Aditya,Patel,1981-09-03,765578684H,7675157518,0.71,1
Isha,Rao,1986-03-22,YYUOU2202A,331256639939,0.07,0
Arjun,Kumar,1997-08-11,UYYMP3142S,633613816409,0.27,0
Kavya,Desai,1988-06-18,ZFBAA8381R,504052286935,0.21,0
Kavya,Rao,1977-04-07,VHQXH0259M,415467896582,0.03,0
Sai,Kumar,2004-08-04,JVCPI7391B,048238351110,0.27,0
Aditya,Singh,1982-08-16,ANOSI3413D,810929680743,0.23,0
Isha,Patel,1987-05-24,KSRBV7350Z,387467591012,0.02,0
Aanya,Singh,1993-05-14,SDIZU1550E,511180603890,0.19,0
Vivaan,Patel,1995-05-11,GDEET1963N,573107393379,0.24,0
Nisha,Gupta,1970-04-04,EBDPE0416Z,587993884552,0.22,0
Rohan,Singh,1982-06-22,266908156I,5139609171,0.71,1
Aarav,Rao,1983-08-10,LTHSF5204D,808049673052,0.02,0
Nisha,Verma,1974-10-11,LWCPG5098D,006210013811,0.29,0
Aanya,Gupta,1991-11-03,MCWVG0425S,359201555793,0.19,0
Aditya,Patel,1988-01-09,QZBZZ7809X,748243126595,0.06,0
Isha,Joshi,1991-04-03,891678792Y,4637702625,0.96,1
Aanya,Rao,1989-06-28,LWXWI4329S,027275843293,0.12,0
Sai,Verma,1991-04-07,638178280U,5866648731,0.71,1
Arjun,Mehta,1986-11-02,VRDJD0215E,076697992104,0.14,0
Vivaan,Sharma,2004-03-16,FEIPI9947U,686407158210,0.03,0
Aditya,Mehta,1988-07-13,ORMHR8655T,320659144569,0.13,0
Kavya,Joshi,1994-11-05,TBHVU1973B,611280500647,0.05,0
Nisha,Joshi,1988-04-28,IUQIT7574R,041350659739,0.17,0
Aarav,Mehta,1992-09-25,JQUEU4921K,302208117568,0.18,0
Vihaan,Rao,1998-07-28,QMHXF1891V,795092450647,0.1,0
Vivaan,Joshi,1999-12-28,JTKJR1790S,859986996532,0.16,0
Sai,Rao,1979-08-11,YELXB4597Z,529849717931,0.04,0
Kavya,Desai,1974-12-15,QXDTB3664K,466019611180,0.2,0
Aanya,Rao,1978-08-15,AVWQC7716O,555657481076,0.02,0
Aanya,Desai,1984-10-14,AFANZ4706B,171631086989,0.24,0
Aanya,Verma,1976-02-12,SXTZI2328U,072029130204,0.04,0
Vihaan,Rao,2002-09-19,AKDYS7107P,538919239024,0.22,0
Isha,Joshi,1973-02-04,AZMZS1707E,277446642460,0.02,0
Aanya,Verma,1992-02-04,BPDSZ2253K,077947645715,0.05,0
Aditya,Sharma,2003-12-02,ABBOL6544G,853627460506,0.13,0
Sai,Sharma,1983-04-01,BEKUN0520U,318855453291,0.22,0
Kavya,Patel,1998-04-07,WIDMT7478G,038243802011,0.18,0
Diya,Joshi,2000-02-05,JAASQ5395O,875600397354,0.25,0
Nisha,Sharma,1979-03-19,451878107T,7931060350,0.9,1
Sai,Desai,1981-08-20,FCAIW9518Y,696500806714,0.18,0
Aanya,Singh,2001-04-01,508589616C,6105971678,0.96,1
Nisha,Desai,1971-11-11,JGUKN9462V,750125618394,0.19,0
Isha,Mehta,1975-09-27,BIEAL4498P,011285743184,0.1,0
Nisha,Gupta,1993-03-24,848419860U,1275702953,0.85,1
Aditya,Sharma,1991-05-02,845284638P,2497425429,0.87,1
Aarav,Sharma,2002-09-21,JXFFO4391T,568113849822,0.23,0
Diya,Singh,1972-04-01,GSEOS2800P,581845973109,0.02,0
Sai,Kumar,1993-11-09,263633830N,0891269470,0.87,1
Aditya,Patel,2001-03-17,TJBDE6819U,222178762044,0.1,0
Sai,Rao,1996-08-31,OYKKE9383E,994433049218,0.13,0
Aditya,Rao,1978-01-09,AGPYE2670F,138248197045,0.12,0
Vihaan,Verma,1978-07-29,IFHVJ2321J,714548908789,0.09,0
Aarav,Desai,1975-04-13,RUEVS5002H,625396556246,0.19,0
Aarav,Mehta,1981-11-23,UWVCL5147U,972638863173,0.15,0
Sai,Patel,1975-09-12,TIJRB2356K,012259676800,0.24,0
Rohan,Patel,2004-10-18,KQLOG0945E,518266497360,0.04,0
Isha,Sharma,2002-01-28,PDHPK1561L,857976021969,0.16,0
Aarav,Joshi,1979-04-25,SPXIY6550A,137080607770,0.01,0
Sai,Sharma,1971-05-14,CRPQL6530M,526584305914,0.23,0
Aarav,Gupta,1996-07-22,KRPHK0522O,371507633634,0.1,0
Aditya,Kumar,1979-02-28,ARMEI6593L,171500579460,0.05,0
Kavya,Desai,2004-10-04,OWYDU6215J,895890320534,0.23,0
Sai,Kumar,1973-01-23,JJAXL5957S,788506282966,0.2,0
Aditya,Joshi,1987-07-21,MRXFM0194D,278318770274,0.17,0
Aditya,Desai,1981-07-23,BYHPH3010Q,151297754271,0.13,0
Aditya,Joshi,1978-03-19,MJCYP3277Q,535982340825,0.16,0
Aanya,Rao,1981-06-14,BDOKB0297I,649445281778,0.25,0
Aditya,Gupta,1982-10-16,LJVPN8092U,720855277505,0.14,0
Kavya,Mehta,1975-06-06,ZAIYR8313F,871072596920,0.23,0
Aditya,Sharma,1990-05-12,DKHZB5185M,101085396822,0.04,0
Vihaan,Joshi,1995-07-07,DJXPP0125U,362429164465,0.06,0
Sai,Joshi,1983-10-06,MUBSR6713A,053894560937,0.29,0
Diya,Sharma,1980-01-28,WMVBO4750B,562453325521,0.3,0
Diya,Kumar,1995-09-12,KBRZU5642M,651167544329,0.03,0
Vihaan,Verma,1975-08-24,GRKCX0873Y,907668316836,0.21,0
Vivaan,Rao,1996-04-06,QNJEY5720O,840007672762,0.09,0
Aditya,Verma,1996-10-17,ULAAR4775I,665550059355,0.28,0
Vihaan,Sharma,1997-06-26,RFMEM0692G,349245259510,0.17,0
Isha,Singh,1992-09-20,FYOQB8077P,059791347615,0.12,0
Sai,Singh,1987-12-05,WTVTV7968S,969420124856,0.03,0
Kavya,Verma,1996-10-07,OTZVE3304F,351389678728,0.16,0
Diya,Singh,1987-07-21,BQNVS7458Y,011223079293,0.21,0
Vivaan,Sharma,1970-02-27,HOEYQ6294G,122045558243,0.17,0
Kavya,Patel,1974-11-21,FEWGR4399N,696690813396,0.28,0
Aarav,Joshi,1988-07-26,XJHEB8622L,930531604540,0.24,0
Isha,Sharma,1972-04-06,GQOCP0527Q,256444842527,0.19,0
Aanya,Joshi,1994-06-21,XROHA1951M,876338189123,0.17,0
Isha,Joshi,1996-12-16,GXGHI0339H,168592087792,0.11,0
Diya,Singh,1994-11-29,QTSEW7165U,103494097410,0.24,0
Rohan,Sharma,1993-09-14,SQXSQ5522O,628076734781,0.03,0
Kavya,Patel,1996-07-05,NIHUP5332J,129175616779,0.12,0
Kavya,Mehta,1994-02-18,CLWSZ8182U,051423032470,0.16,0
Isha,Verma,1986-06-16,ONLGC0274X,492434986506,0.02,0
Diya,Patel,2003-01-17,CFFCO8478K,256602701730,0.04,0
Rohan,Rao,1987-05-24,BLWCK9879L,120566527685,0.2,0
Nisha,Sharma,1982-04-29,GASPO3128X,720182223426,0.12,0
Aanya,Patel,2004-10-14,EDTGF2011M,124932206007,0.3,0
Isha,Rao,1970-07-26,MCPEI6222C,753815099869,0.23,0
Isha,Patel,2004-03-20,VJPWD9905R,418241619872,0.08,0
Aditya,Verma,2000-08-20,ONHSS9428J,366303712150,0.1,0
Vihaan,Gupta,1977-03-16,ZHEJL8249W,762479542645,0.04,0
Rohan,Patel,1973-02-24,HUJRP1263O,908559457816,0.04,0
Vivaan,Verma,1996-07-05,KMRWN8254E,760502251646,0.15,0
Arjun,Gupta,1976-11-02,JFAUJ2688R,032471465286,0.08,0
Sai,Gupta,1971-11-12,XTGYF0477B,333681617834,0.01,0
Arjun,Patel,1987-04-15,YJIHP3872J,051163763916,0.02,0
Arjun,Patel,1991-09-10,FDEGI5292R,733594712636,0.06,0
Nisha,Verma,1986-09-01,FUWBU2783H,751232256806,0.26,0
Aanya,Singh,2002-08-18,QPKSE7219K,273553683993,0.13,0
Diya,Desai,2001-05-21,INIZC2332K,940528269788,0.19,0
Aarav,Gupta,1999-07-09,YAWGR6461S,480049499288,0.07,0
Aanya,Singh,1979-12-07,SMOQM9017U,015534208765,0.11,0
Sai,Sharma,1990-11-17,DPNEX5480A,649530417439,0.2,0
Rohan,Kumar,1987-05-26,IHWFZ5180V,268723676818,0.15,0
Arjun,Verma,1985-09-07,697731538X,3522103262,0.87,1
Nisha,Desai,1974-03-10,613350496G,4051891819,0.71,1
Sai,Rao,1993-08-12,YIXXL7889B,118419613039,0.08,0
Arjun,Verma,1976-04-29,QBGRN4224Y,037359029612,0.13,0
Diya,Kumar,1974-02-22,HCHYT6857Y,733689884040,0.16,0
Kavya,Verma,1999-02-19,331783108X,3552013802,0.95,1
Aditya,Joshi,1986-06-30,427833165N,5402279408,0.86,1
Isha,Kumar,1975-12-03,VVGRZ0357F,053823924238,0.11,0
Sai,Joshi,2004-12-10,SJVGL2056I,428225530458,0.29,0
Aditya,Desai,1972-03-03,NRPNF3104K,868454128490,0.06,0
Aditya,Kumar,1987-09-25,SCQGG3932O,153703923445,0.25,0
Diya,Gupta,2000-02-01,WBYBG8789H,792681256356,0.2,0
Aanya,Gupta,2002-02-16,QRADD5815S,555015514125,0.22,0
Vihaan,Singh,1994-07-15,DBFNM8787P,055430849652,0.26,0
Aanya,Patel,1984-02-21,TMKTA8431A,844165123357,0.06,0
Kavya,Sharma,1994-03-19,VTABN9888I,677848784815,0.08,0
Nisha,Gupta,1974-08-27,QJHFU4915K,757881760030,0.3,0
Rohan,Gupta,1973-08-25,TTLPM1044Q,806407015850,0.2,0
Arjun,Singh,1970-08-23,YNGJQ1889G,774317138016,0.29,0
Vivaan,Joshi,1991-12-29,OIXJJ3134C,843246227873,0.19,0
Sai,Gupta,1971-10-25,WKUOJ4395V,399064145341,0.23,0
Aditya,Mehta,1978-08-30,VMXQF0371C,776848200819,0.26,0
Rohan,Patel,1997-07-07,MMDVN2832A,722389839650,0.23,0
Sai,Kumar,1975-08-30,ZRWUJ1214D,768719323426,0.16,0
Rohan,Gupta,1998-09-11,FBMEB9564T,192288224792,0.27,0
Kavya,Kumar,1993-03-22,JBJMH2257S,628664542870,0.25,0
Aarav,Desai,2000-07-23,SXXUV4841U,248879523974,0.19,0
Aarav,Sharma,1988-02-27,BADVC1235E,394541645550,0.26,0
Aditya,Singh,1984-11-02,PIUKK8922H,810058039469,0.24,0
Aditya,Kumar,2003-07-04,DJUZJ8924Y,085011575253,0.12,0
Arjun,Mehta,1988-08-10,VEQQB1994B,207948535942,0.07,0
Aditya,Desai,1997-05-17,OPNZN9323S,213030554817,0.08,0
Vihaan,Patel,1974-01-05,252862261X,9524455670,0.87,1
Sai,Singh,1983-11-04,KBVCA1027V,572328491585,0.18,0
Rohan,Rao,1997-04-09,DBZQV9689W,402266860960,0.03,0
Diya,Patel,1991-09-10,BYNIZ2371Y,782085651794,0.15,0
Sai,Gupta,1984-04-17,CZTXJ9435T,574030328841,0.05,0
Vivaan,Singh,1997-03-17,JYNCO2125Y,844222208155,0.11,0
Vihaan,Joshi,2000-05-20,846450266T,8303114164,0.96,1
Sai,Desai,1993-11-21,XSIMV3558S,305464239909,0.04,0
Aditya,Kumar,1985-07-13,NISWS7004Y,223784676649,0.09,0
Vihaan,Singh,1992-06-19,OOBMO6542V,882901540895,0.29,0
Aditya,Patel,1982-08-20,EKYIS8794E,458883607614,0.29,0
Nisha,Gupta,1970-03-09,ZIUGR6156J,846317454117,0.15,0
Aanya,Patel,1985-05-03,CTSNV8809E,766957749020,0.29,0
Aditya,Gupta,1983-04-26,GLXUU5466X,601342544109,0.24,0
Vivaan,Patel,1994-06-26,921485085A,1301189503,0.89,1
Rohan,Verma,2001-12-09,BKCKH2248W,622921992749,0.25,0
Rohan,Mehta,1975-01-13,OIAES5600B,844676570928,0.02,0
Vivaan,Rao,2002-10-09,JSKYP4031D,473102374690,0.24,0
Aarav,Singh,1973-07-23,XXYUH7335J,168532006066,0.3,0
Isha,Desai,2000-08-11,JIACQ4124U,840138059373,0.14,0
Arjun,Joshi,1979-07-17,WMUNV5285J,767855539839,0.19,0
Vihaan,Joshi,1992-11-22,TYEJQ1563F,472507048961,0.02,0
Diya,Singh,1991-01-19,YLPXT0795R,408453422224,0.04,0
Rohan,Verma,1988-05-17,FNEAI4824W,278282112557,0.15,0
Aditya,Verma,1990-10-31,LXTLX7537A,394110273319,0.02,0
Vivaan,Sharma,1970-02-01,FYAUB4399A,395465645900,0.16,0
Aanya,Singh,1999-04-04,MBUUS1130J,641750550156,0.3,0
Vihaan,Gupta,1999-03-24,NSGJL0643L,005980431308,0.04,0
Vivaan,Patel,1996-05-02,WUHKK1561S,522599185834,0.2,0
Vihaan,Desai,2000-04-04,MAFWB7365J,244353666452,0.12,0
Aanya,Rao,1980-04-12,VUEJI3524L,935457780542,0.28,0
Rohan,Verma,2003-05-13,VSPFN3293G,397521361366,0.14,0
Rohan,Desai,1987-01-02,YJTHL5140B,150624647093,0.17,0
Vihaan,Verma,1995-11-29,NNVNO8523Z,735093071744,0.24,0
Diya,Rao,2004-09-20,FEKBE5341M,344126618206,0.19,0
Aarav,Desai,1973-08-06,JVHGP8177U,536908306728,0.09,0
Nisha,Kumar,2002-08-24,FGSJA9469B,189870584985,0.07,0
Rohan,Patel,1986-07-31,CTJBJ9588G,214025344874,0.04,0
Kavya,Kumar,1983-07-06,HGQMA1439F,593562105161,0.11,0
Vihaan,Verma,1997-05-22,TXUJH7641C,071071735246,0.19,0
Aditya,Mehta,1973-09-08,OONIG6842X,456471407064,0.23,0
Sai,Patel,1995-03-18,LLAJA8188F,276165256352,0.02,0
Rohan,Patel,1984-03-02,CIPFX8268D,007829825155,0.25,0
Arjun,Desai,1998-08-31,VBJWG1558Z,924234566755,0.14,0
Arjun,Patel,1974-10-15,QFWLR2910A,665239475284,0.23,0
Sai,Desai,1989-08-22,WCFWC8004H,278445159512,0.23,0
Aanya,Patel,1975-06-28,ZCEJB2707E,950285423559,0.23,0
Isha,Gupta,1987-09-29,727031234Z,2079195869,0.81,1
Isha,Sharma,1999-09-19,PLMQO7647J,103403625854,0.03,0
Aditya,Mehta,1992-11-10,WGKPT8872X,417084417410,0.19,0
Isha,Verma,1982-05-22,UDCGB3229Q,989881847967,0.07,0
Rohan,Singh,2002-05-10,CHVDB4467F,747865498005,0.24,0
Vihaan,Gupta,1995-02-08,APAIS6705U,025241326628,0.1,0
Vihaan,Singh,1987-04-26,PBQGE6801S,776143719265,0.16,0
Nisha,Sharma,1984-01-22,NYSQE3852O,344553764656,0.09,0
Arjun,Rao,1974-12-12,SNZKU4178R,601524336903,0.18,0
Aarav,Patel,1981-10-21,TGFNW9464I,765171845125,0.12,0
Sai,Kumar,1971-11-06,YLTEB2748V,022580899212,0.3,0
Aanya,Gupta,1970-11-23,CFVQP0514V,085765176688,0.09,0
Vivaan,Kumar,1997-02-19,DEZGY8681U,512705011431,0.07,0
Isha,Gupta,1974-06-02,GZAJY8925F,531521799347,0.29,0
Kavya,Gupta,1972-01-07,LVBTT0539Q,468480283094,0.03,0
Diya,Verma,1980-07-14,RJZTX1432R,345510933921,0.03,0
Aditya,Singh,2001-07-10,XSAVY7112V,441413221651,0.02,0
Vihaan,Mehta,1974-06-08,KDHFZ7442S,628982110281,0.18,0
Aanya,Desai,1974-08-05,NOZBT1323O,109419374196,0.3,0
Aanya,Singh,1999-08-31,TFESA5955L,501981148342,0.03,0
Vihaan,Verma,1980-03-13,MZTGD5145X,431430799406,0.19,0
Diya,Desai,1992-04-14,SMTRK1068J,630991719568,0.25,0
Nisha,Patel,1998-07-10,TMAOF7041P,451739395856,0.3,0
Aditya,Desai,1983-10-20,AFDIY3668X,357269178955,0.12,0
Diya,Desai,1972-01-18,ITLYG0550U,780689833986,0.08,0
Rohan,Gupta,2003-01-20,FDYXX5545X,981325284472,0.11,0
Aarav,Desai,1979-09-07,DSEYE3453E,798368998902,0.27,0
Rohan,Desai,1993-02-05,JPKRR9543I,553843395169,0.29,0
Aarav,Singh,1977-06-10,HXGGO5806U,476611645010,0.06,0
Aditya,Singh,1984-05-10,ABUWR9475R,583445989959,0.27,0
Vivaan,Rao,1972-11-15,HKXCI4130V,940111709079,0.03,0
Vihaan,Gupta,1986-06-13,RYRLW8601D,332238522228,0.25,0
Aditya,Mehta,2001-05-18,APWGG6810V,321374369284,0.08,0
Aarav,Kumar,1991-10-28,OMWMT1960K,677892723236,0.03,0
Nisha,Mehta,2001-07-29,YDSBA0381K,906250188212,0.08,0
Diya,Sharma,1992-05-21,SJXSX6514I,877705457497,0.14,0
Sai,Singh,1995-08-19,UOBOA2342G,023587659225,0.12,0
Vivaan,Patel,1980-05-12,OFVCD9141K,158838166764,0.26,0
Aditya,Gupta,1981-05-13,LUDOL3191B,233014630170,0.28,0
Nisha,Patel,1988-02-20,QXVEC6262A,464959676091,0.06,0
Rohan,Joshi,1994-03-06,KQFKY9130Y,142023636482,0.05,0
Sai,Sharma,2003-05-03,613096409P,1714381449,0.92,1
Sai,Gupta,1998-08-21,JCMAO5764Q,152951615797,0.27,0
Vivaan,Kumar,1998-11-12,GLOCT6171E,562096503716,0.26,0
Rohan,Rao,2003-10-12,JDOMA9906Z,718015191192,0.02,0
Diya,Rao,2002-01-31,IVMQZ9014D,875671684600,0.15,0
Aarav,Desai,1998-03-03,FHBQH3826S,574814049951,0.09,0
Sai,Sharma,1997-07-28,USVDV4819Q,566488990134,0.02,0
Isha,Desai,1983-12-04,PLYEW9292X,067960235433,0.3,0
Vihaan,Joshi,1993-06-07,MNXPI0937H,725733242289,0.21,0
Isha,Singh,1992-06-11,KVDBA3943Z,470579787333,0.04,0
Isha,Rao,1971-10-29,HLDBV5555O,299138430515,0.1,0
Kavya,Rao,1993-11-06,PJSZA1611A,507292006361,0.08,0
Kavya,Gupta,1993-09-08,SMPMH2297R,361611189086,0.26,0
Diya,Patel,2000-12-26,BWJYZ1622W,511742757810,0.15,0
Rohan,Gupta,1976-06-30,IXGSD1985E,145818473334,0.23,0
Diya,Gupta,1975-03-01,KJCGJ9491Z,175222400213,0.13,0
Diya,Joshi,1984-12-15,UHJUV6868Y,504757479366,0.18,0
Kavya,Joshi,1973-03-09,QZKDP2442D,836039068553,0.26,0
Vihaan,Joshi,1995-05-24,SEPYJ1365R,204200459046,0.19,0
Vihaan,Sharma,1983-04-17,HTPGK7779M,056728747250,0.21,0
Diya,Desai,2003-06-02,VUCSJ4474P,067103658452,0.11,0
Isha,Rao,1985-06-26,LBNZN0689T,937836233851,0.18,0
Aanya,Gupta,2000-10-28,GJUWB2166N,398826329881,0.23,0
Sai,Singh,1996-05-19,ZJVCY6620S,052250201019,0.15,0
Nisha,Kumar,1971-06-22,TJDMZ0584V,982513826547,0.25,0
Kavya,Sharma,1999-09-11,ZBHDM6526F,904963073662,0.26,0
Rohan,Sharma,2004-08-25,VESZD7021I,395099335223,0.26,0
Sai,Gupta,1991-05-06,GCGEI1659U,568850971798,0.28,0
Vihaan,Singh,1973-03-22,IKIWG2040W,300983822735,0.19,0
Vivaan,Gupta,1980-12-26,IJMOL0536L,630748323711,0.17,0
Vivaan,Joshi,1971-08-26,NWYJU4325D,571873695133,0.15,0
Rohan,Kumar,2004-12-25,MHEAF7256Z,978634915898,0.03,0
Rohan,Gupta,1985-06-02,ZSGUE1304S,601971129413,0.13,0
Diya,Singh,1981-12-16,QOGAU1391I,826936239886,0.23,0
Vihaan,Rao,1987-01-04,WZYJI9643A,671751359240,0.26,0
Diya,Desai,1997-02-18,JMICI3365Q,370123847260,0.07,0
Rohan,Desai,1987-02-27,IDHHP1330T,622661990319,0.24,0
Vihaan,Rao,1998-10-16,ATELB6453R,654187663026,0.19,0
Aditya,Joshi,1994-03-14,GJJFT9667T,322590659660,0.16,0
Isha,Patel,1986-10-09,BITDH0938W,672466820047,0.04,0
Vivaan,Mehta,1974-06-04,OBTWG3495S,641784240474,0.1,0
Nisha,Verma,2004-09-25,XNXLQ1393Y,330928452930,0.28,0
Rohan,Desai,1982-09-27,JJJCX1603H,775901484303,0.25,0
Aanya,Verma,1988-06-17,HUPLF8892C,795904947279,0.02,0
Sai,Singh,1989-05-22,UXHDT3597M,418242800545,0.3,0
Arjun,Desai,1989-08-22,ENTQA5009Q,617224600667,0.11,0
Sai,Rao,1972-03-14,WGQCJ8227V,261565225810,0.04,0
Diya,Singh,1987-03-06,AMJTI7447X,024300349963,0.19,0
Aarav,Joshi,1996-05-06,GMSNL8033Y,863823665166,0.08,0
Isha,Desai,1975-02-01,NMTYA4760Z,136925081438,0.17,0
Nisha,Kumar,1983-11-13,PWZGW5816E,548409790563,0.21,0
Isha,Desai,1994-09-23,OOEWY8499G,161106665227,0.15,0
Vihaan,Verma,1985-03-22,NXLNV9522E,712199724876,0.05,0
Aanya,Rao,1975-04-05,EIBPC0044K,586985497392,0.13,0
Diya,Joshi,1989-09-26,OVMAP0621N,397814853283,0.01,0
Nisha,Desai,2001-10-06,WBDLX2910I,033422750149,0.16,0
Isha,Sharma,1972-01-18,QPZQG9264O,570902686381,0.14,0
Vihaan,Joshi,2001-08-20,GPUEQ5838M,899198164562,0.28,0
Rohan,Joshi,1980-05-29,RCWNF4879E,327477237140,0.27,0
Aditya,Gupta,1978-11-07,MDNPP6298U,260117287751,0.27,0
Rohan,Kumar,1985-12-02,LINAC9048J,876153230277,0.2,0
Rohan,Patel,2003-11-18,ERPLV4237T,939019864035,0.25,0
Vivaan,Joshi,1982-10-30,EYCRX8695C,375834764290,0.21,0
Aanya,Desai,1997-08-23,IUZHW9587E,188994369540,0.18,0
Kavya,Gupta,1991-06-18,YNOBU9325B,593556073477,0.05,0
Isha,Rao,1988-11-24,ONOPN7740I,501788233554,0.09,0
Diya,Rao,1995-12-24,DUERY3434T,791706626850,0.1,0
Arjun,Gupta,1990-09-30,ZGCFX0848Y,911952317042,0.18,0
Isha,Mehta,1971-01-21,DFHYK7941I,436770129984,0.18,0
Vihaan,Joshi,1989-01-04,RSBUX2497A,840428149261,0.2,0
Vivaan,Singh,1988-12-11,CHBBU7891C,229751423253,0.12,0
Arjun,Desai,1977-01-13,ITYTO7249R,013369738834,0.15,0
Nisha,Sharma,1971-03-15,XEAVW1475A,387225549543,0.04,0
Rohan,Rao,1982-12-07,MTQLF7524C,228003308102,0.29,0
Rohan,Sharma,1974-03-10,XMEXY5167R,011679135566,0.22,0
Aanya,Gupta,1998-05-23,SQJXT6591K,053742984146,0.07,0
Aarav,Kumar,1970-07-01,TOUGY8363U,406211299172,0.15,0
Rohan,Sharma,1990-01-29,GSJGI1379J,365162610393,0.19,0
Nisha,Singh,1987-03-14,174813548Z,1499017759,0.88,1
Diya,Gupta,1984-07-29,HGJRF1881S,494268592098,0.12,0
Vihaan,Gupta,1979-11-30,WVGDO2079J,814741817753,0.25,0
Arjun,Singh,1990-01-13,LNSUP5648W,050547454645,0.14,0
Vihaan,Desai,1982-08-20,JYOQG8680R,776758654040,0.29,0
Aarav,Sharma,1976-12-28,232885937M,7114947100,0.82,1
Aarav,Patel,1973-11-01,LGPJU5337N,839898468875,0.09,0
Diya,Singh,2000-07-10,ZZKOC5830B,089741129425,0.28,0
Vivaan,Verma,2002-06-07,YMPGT1821R,608471024727,0.09,0
Nisha,Rao,1988-05-23,OHRKQ9617H,931360219267,0.29,0
Aarav,Kumar,2002-10-07,MDPQF1855M,748948401396,0.03,0
Nisha,Sharma,1992-11-04,BXUFH7874I,585845229739,0.05,0
Nisha,Desai,1999-03-05,QYSSA3412R,848501295335,0.17,0
Diya,Desai,1989-11-27,WUQNO6098A,259604426979,0.19,0
Diya,Patel,1994-04-20,978796189V,7472792948,0.71,1
Vihaan,Desai,1990-02-25,JTLKN2707K,574349985324,0.17,0
Rohan,Patel,1976-09-03,MPJNE5248I,097973680432,0.05,0
Nisha,Kumar,1970-12-23,HKAIS3757K,622427933595,0.02,0
Rohan,Sharma,2004-03-15,NLCEJ1702V,044116820210,0.21,0
Aarav,Kumar,2000-07-19,IQDUV3867F,358649381995,0.26,0
Aanya,Sharma,1995-02-07,QRRQZ3158I,767501214329,0.19,0
Diya,Verma,1975-02-10,JTWIL4525L,634949380295,0.12,0
Rohan,Singh,1999-05-20,ZSPFL7085E,726788872697,0.25,0
Vihaan,Kumar,1976-05-28,MFTJZ7385D,055148077012,0.27,0
Sai,Patel,1975-08-19,QLZIT5190Q,497150923082,0.11,0
Kavya,Joshi,1994-04-20,VNNNJ0440U,674516080391,0.16,0
Nisha,Verma,1970-08-30,NXHAQ9330U,649066213777,0.06,0
Isha,Sharma,1980-10-31,BQYJS8142A,036439191439,0.16,0
Arjun,Patel,1986-06-06,MORTD7188S,746352778071,0.02,0
Isha,Rao,1995-08-06,YOJLO2615T,006819611086,0.14,0
Isha,Rao,1985-11-16,TSYZM0155Q,373693035894,0.12,0
Vihaan,Mehta,1992-01-03,PXWEF4639G,718589684378,0.2,0
Arjun,Mehta,2002-01-11,KKVMZ5196Z,775872466971,0.21,0
Arjun,Mehta,1993-07-27,BODBJ5648X,776438409696,0.05,0
Rohan,Verma,1985-08-20,WKVRC9675R,126303481859,0.11,0
Diya,Kumar,1993-04-01,MXORW4349A,247817645453,0.28,0
Arjun,Rao,1988-02-09,PMSCM6653U,930123744996,0.13,0
Aditya,Gupta,1981-07-03,WDRLA5307J,463940951068,0.1,0
Kavya,Rao,1975-07-08,XFTJX0400A,964015660493,0.22,0
Kavya,Kumar,1995-09-26,ZMAAF5173E,413009925112,0.22,0
Vivaan,Kumar,1979-03-16,AUFNX3557U,735847313330,0.05,0
Arjun,Patel,1984-03-22,ZFQWC2204E,673665427529,0.16,0
Aditya,Singh,1996-11-04,496727008E,3198488930,0.9,1
Sai,Desai,2003-05-07,OYQTF0161D,669038821584,0.22,0
Isha,Singh,1985-07-28,EHNXQ1898L,497234438220,0.04,0
Sai,Patel,2003-10-05,AORMV8601X,171885399226,0.29,0
Isha,Mehta,1979-03-08,JSXHV2697X,878821260265,0.17,0
Arjun,Rao,1973-10-13,ILAGH5971G,724149466169,0.27,0
Aarav,Patel,1975-11-16,BGDOV2738X,836591348282,0.13,0
Isha,Rao,1992-03-29,BASQD9851J,358849255656,0.22,0
Rohan,Singh,1997-07-22,RNPEO9997I,321139835047,0.27,0
Isha,Singh,1972-09-08,CYSVY7704L,407042142074,0.12,0
Vivaan,Singh,1986-08-17,WUCTM0463G,019392859127,0.26,0
Aarav,Gupta,1988-02-02,YBQFI7869D,058827115486,0.15,0
Vivaan,Kumar,2002-08-13,FYBDZ3447F,816561736693,0.06,0
Arjun,Kumar,2002-11-13,ZJGXA8679T,153482840711,0.28,0
Aditya,Sharma,1992-10-02,PYWTC3987V,539458671499,0.12,0
Nisha,Rao,1990-11-24,HBCEV6030V,528332376155,0.09,0
Vihaan,Rao,1974-01-29,ROWZI2938K,588586984113,0.04,0
Nisha,Joshi,2004-11-17,DYSCW8308Z,993392826996,0.3,0
Isha,Joshi,1973-06-15,GSPOE0156N,865736790962,0.26,0
Diya,Sharma,2003-07-30,AXJTV4302J,155619948288,0.13,0
Vivaan,Mehta,1977-06-08,XXFKA4762M,776874571494,0.1,0
Kavya,Gupta,1981-01-31,FZAGU6975I,697919112344,0.04,0
Arjun,Rao,1979-08-25,QNBYY8283L,512439704114,0.11,0
Nisha,Singh,2002-05-25,MLNUY5741X,770855783059,0.26,0
Aarav,Verma,1999-06-26,HGUZD2317B,770061611735,0.29,0
Sai,Kumar,1991-06-25,SQDBG8602X,409241601738,0.29,0
Vihaan,Singh,1983-06-24,621960111J,0769074119,0.88,1
Aarav,Rao,1978-12-31,ARPUP4887J,111444062550,0.15,0
Aanya,Singh,2002-05-06,GYLSO2281H,435259808608,0.13,0
Isha,Patel,1994-08-15,TFBXG1952O,922739834105,0.29,0
Isha,Kumar,1991-10-14,GMRZF8573H,018243149905,0.04,0
Arjun,Kumar,2004-03-06,EASVS6280M,339375365417,0.09,0
Rohan,Gupta,1987-10-19,SAWTN9405O,499236339894,0.11,0
Vihaan,Rao,2004-01-28,IPNHW9410O,428824296338,0.07,0
Aditya,Patel,1990-08-19,RROMS1707N,645126390132,0.25,0
Kavya,Kumar,1996-09-28,JSQAT8867R,870806190754,0.27,0
Aanya,Rao,1977-12-24,TULDY0016M,584005089182,0.06,0
Rohan,Gupta,1997-08-03,ADSGU1544R,142302180158,0.02,0
Isha,Rao,1994-07-05,ESGUL0905F,329293102222,0.13,0
Nisha,Sharma,1978-06-04,SYYGH3642G,488874979827,0.06,0
Isha,Gupta,2004-06-27,PPHJV7010O,726713519564,0.22,0
Aarav,Gupta,1973-04-21,XJRYG7807U,608591074422,0.13,0
Aanya,Kumar,2002-02-23,AGUFN4113E,645296427524,0.22,0
Aditya,Gupta,2000-03-08,ECEEC6232J,985839396405,0.14,0
Diya,Patel,1986-04-29,NCCNE8735M,965403127699,0.2,0
Sai,Mehta,1979-05-03,KFZTF8659E,629675227594,0.23,0
Aanya,Singh,1981-02-02,BMFAO5812S,015198201750,0.14,0
Diya,Rao,1977-07-09,KAQAY2253Q,857815730014,0.12,0
Kavya,Desai,1975-02-04,JWNSX4031A,173436371176,0.17,0
Rohan,Joshi,1996-05-23,IRQVR2234U,846482233159,0.29,0
Nisha,Rao,1981-08-22,FJKFO8221H,473965486701,0.26,0
Nisha,Singh,1975-02-03,DXCEA3420K,586102003415,0.05,0
Kavya,Sharma,1977-11-17,XZHRX6005L,068570819828,0.16,0
Vivaan,Desai,2002-07-10,ZGTLZ6889Y,671306686539,0.03,0
Vihaan,Gupta,1981-07-18,YCSOO6739F,649296715634,0.11,0
Aanya,Desai,1972-10-28,MWTAT2746A,855967653768,0.11,0
Sai,Mehta,1975-04-27,CGFYJ9001J,163439235864,0.15,0
Nisha,Joshi,1995-11-03,UWFLF0743P,622028598723,0.12,0
Rohan,Mehta,2004-10-13,BQXZM7255G,892579302699,0.05,0
Diya,Sharma,2002-06-27,BWDEN2507A,117223568377,0.1,0
Rohan,Singh,1975-07-13,QQCDJ7987U,796862954324,0.1,0
Isha,Patel,1978-10-10,KQSQA5225O,894551887579,0.27,0
Rohan,Rao,1972-11-14,UXZAC0775S,834869457248,0.19,0
Nisha,Gupta,1979-10-22,IPBLI4279H,044280554193,0.17,0
Isha,Kumar,1982-03-16,VSLRC6150J,306661941074,0.06,0
Nisha,Patel,1984-08-02,ORRZH0309S,677676716018,0.06,0
Sai,Desai,1975-05-15,GPFMJ8622R,616350653276,0.19,0
Aditya,Gupta,1991-08-17,NVGAC7548M,027602823339,0.12,0
Rohan,Mehta,1990-12-07,OLIXD1084E,024880461484,0.02,0
Kavya,Kumar,2002-01-17,SSAZI6566M,903994317708,0.22,0
Rohan,Rao,1976-11-26,PAASN5727K,322895614479,0.11,0
Arjun,Gupta,1974-05-30,HGYZC7656Q,315339667480,0.11,0
Diya,Singh,1999-06-25,AKGNQ6757O,927072070433,0.27,0
Sai,Patel,1972-03-04,587887991A,4685169623,0.71,1
Kavya,Singh,1971-07-27,LKXIO5870E,629969180086,0.07,0
Nisha,Singh,1972-09-03,YDSBV1136B,579184273689,0.11,0
Sai,Mehta,1995-05-23,KOBJN1038G,839239316225,0.03,0
Sai,Rao,2001-02-27,WECWG5342Y,855097638676,0.26,0
Nisha,Patel,2000-03-08,OSNDD6320C,779269232399,0.07,0
Sai,Rao,1988-05-07,YJVQX8655T,255825421452,0.3,0
Sai,Sharma,1973-10-14,DICRR4551A,601058131460,0.08,0
Diya,Desai,1988-04-01,CJLUT0844S,719992553092,0.18,0
Aditya,Singh,1994-05-23,JTUTZ4136E,179342636866,0.16,0
Nisha,Mehta,1996-07-27,HTFVQ1679D,466338573568,0.04,0
Vivaan,Desai,1990-10-11,YRLYM2530I,236425229603,0.08,0
Nisha,Gupta,2000-01-05,PJOZL4015U,379074823372,0.1,0
Vivaan,Kumar,1994-02-24,GNEVR7610V,008642690065,0.16,0
Aarav,Kumar,1970-08-08,OVKAR1605U,615586964753,0.19,0
Arjun,Gupta,1977-03-13,KWZEJ6616B,939558710029,0.05,0
Isha,Gupta,1988-04-25,AYSAP0620Q,939149865440,0.18,0
Rohan,Desai,1974-12-16,CEUDS7326J,511430848010,0.24,0
Isha,Patel,1973-02-27,CMCLR2198Y,731084225404,0.02,0
Aanya,Desai,1999-01-06,NHJRJ4524Z,109549694220,0.05,0
Aarav,Singh,1971-08-02,140990693Q,0004157844,0.77,1
Sai,Rao,1972-07-03,QOWTY9043S,463562658531,0.19,0
Arjun,Kumar,1996-01-03,800405407M,2159741833,0.74,1
Nisha,Sharma,1987-07-26,HUNWC4469P,325243763491,0.06,0
Isha,Desai,1972-06-16,XFGCJ8101H,423887763415,0.04,0
Diya,Rao,1979-04-28,RGMSQ3514H,294714562307,0.23,0
Sai,Rao,1990-12-03,GZHVD5056L,231893344708,0.19,0
Diya,Patel,1999-12-26,SGCDP4576L,212897938783,0.05,0
Kavya,Verma,1991-04-01,HIHXF0813O,829469228145,0.2,0
Diya,Desai,2004-12-16,FWTRI5582U,379376004051,0.21,0
Kavya,Singh,2004-07-26,XLHUF6445R,573441901569,0.29,0
Rohan,Singh,1997-11-29,BLQNU6139L,196667233736,0.04,0
Aarav,Joshi,1971-12-30,LVCYP6427K,619626242631,0.22,0
Vihaan,Mehta,1980-08-26,FBCVL0741S,759255267624,0.21,0
Vihaan,Gupta,1983-09-21,WBWSU7883Q,327764590840,0.27,0
Isha,Sharma,1979-01-04,BIWXO3927S,486171716919,0.05,0
Kavya,Gupta,1997-03-18,SXTOJ6824O,913949082999,0.19,0
Aanya,Kumar,1995-01-02,FZNJH5351Q,285782932821,0.26,0
Rohan,Sharma,1970-04-10,NGQLT3720P,194990155155,0.13,0
Vivaan,Verma,1983-08-05,EUGPS2715P,548043563303,0.01,0
Kavya,Patel,1999-10-01,398458526H,6357586871,0.78,1
Vihaan,Singh,1978-07-10,MWPMV1495C,351518088354,0.14,0
Arjun,Kumar,1970-06-29,KHKCJ1619A,884394705517,0.09,0
Kavya,Desai,1983-02-17,MCYOH0946Q,483014909906,0.13,0
Vihaan,Kumar,1991-05-17,AMNEV8775D,491948699081,0.29,0
Arjun,Joshi,1982-09-22,BTKGJ2646M,070985251481,0.26,0
Aanya,Patel,2000-06-06,QTYIR3210W,385416931001,0.08,0
Nisha,Sharma,1981-08-25,KRBLK6148J,140379687264,0.09,0
Arjun,Gupta,1984-03-10,QMDWN9264B,923042814904,0.13,0
Aditya,Verma,2004-03-18,TDANO8880F,255899129666,0.3,0
Isha,Gupta,1973-12-30,WOTCF7069M,134791511604,0.04,0
Kavya,Sharma,2003-01-21,KZIIS5719A,162562757669,0.26,0
Arjun,Rao,1999-08-13,ZLJFW9320A,126015920330,0.11,0
Nisha,Kumar,2001-05-10,QKOEX8538K,632506443464,0.18,0
Arjun,Joshi,1972-06-21,JDTYX3744O,529470819694,0.27,0
Sai,Gupta,1999-12-23,VQZMI7241K,625764213688,0.05,0
Sai,Patel,2003-06-10,JWBZK9852F,964523588992,0.16,0
Sai,Joshi,1970-06-01,716333903F,3547194596,0.78,1
Rohan,Patel,1978-08-21,IVLRD6468R,229786510442,0.11,0
Sai,Mehta,1974-01-15,MWRRC2610L,321041911909,0.13,0
Aarav,Desai,1979-10-21,KJYME1662A,755669522107,0.04,0
Nisha,Desai,1985-05-27,BTTTT4467S,785663506533,0.18,0
Vivaan,Desai,1981-12-31,WFWRV7997S,429569016437,0.06,0
Nisha,Mehta,1970-01-10,130052329Q,7344942261,0.9,1
Diya,Sharma,1992-12-08,FGADF8157W,257324098791,0.06,0
Aarav,Desai,2000-12-04,YWFWL0649K,360605360042,0.17,0
Diya,Sharma,1974-12-25,VCVJW0604L,250191057554,0.03,0
Rohan,Mehta,1998-04-14,FXTTW1962I,670622229207,0.04,0
Kavya,Mehta,1980-06-28,JXJDM7977R,592290751782,0.27,0
Diya,Gupta,2002-01-30,WWUEG3611X,247635213712,0.03,0
Vihaan,Sharma,2000-03-20,UDOGF7114S,802501745279,0.24,0
Aanya,Sharma,1991-09-22,392935931C,6874983211,0.82,1
Sai,Joshi,2001-08-16,HSCBU9137X,405032563328,0.23,0
Diya,Sharma,1984-05-26,368868845N,6879027892,0.71,1
Diya,Sharma,1974-05-06,YZEYE8006G,346221815036,0.21,0
Vihaan,Rao,1977-03-13,IOJYO5250V,403112658160,0.08,0
Isha,Verma,1993-11-07,XTSIC0019A,731212594253,0.04,0
Arjun,Gupta,1997-12-01,GZIGN6230R,036506420020,0.09,0
Arjun,Sharma,1982-01-02,WEMEM5148V,719116256467,0.1,0
Vihaan,Mehta,1979-01-18,ZYKJM3600P,947127635845,0.18,0
Kavya,Kumar,1994-05-16,ORJUK2144G,935856379744,0.2,0
Aarav,Desai,1984-02-24,FUJZH2624F,166594902215,0.23,0
Vivaan,Sharma,2002-07-31,TASEL4846M,892761474291,0.1,0
Rohan,Mehta,1982-07-19,GCIQX0561Q,496324279048,0.16,0
Kavya,Joshi,1985-08-23,XIUPM7859S,760781462861,0.12,0
Aarav,Gupta,1996-10-26,BAJDX0680T,670506258179,0.13,0
Aarav,Verma,1980-12-12,TKLZC5769Q,536381958939,0.17,0
Vivaan,Patel,1995-05-12,CSEDA0650Y,840048594403,0.04,0
Aarav,Joshi,1992-11-17,PHYKJ5790D,415752625634,0.06,0
Aanya,Singh,1993-01-02,JLEGT5063T,185948397115,0.09,0
Nisha,Rao,1987-08-03,YHNEO8809T,527886146773,0.18,0
Aanya,Joshi,1972-03-26,LSZUX1695V,726506890461,0.29,0
Isha,Desai,1973-04-14,ZEYFK1699G,239313056100,0.2,0
Isha,Rao,1979-04-16,YRNRA1508C,336715579299,0.16,0
Arjun,Kumar,1994-07-20,VBBNJ3131E,473100723291,0.2,0
Arjun,Sharma,1984-12-26,DYMRC7685V,200684229316,0.05,0
Arjun,Patel,1972-11-28,YJBJH1390P,989951431186,0.17,0
Diya,Mehta,1988-07-30,VTBIF0898N,333688638845,0.13,0
Kavya,Singh,1986-03-03,IDEDP9012A,660341985365,0.02,0
Vihaan,Gupta,2004-07-11,ZYCZP3979S,106832336292,0.25,0
Arjun,Mehta,1989-11-08,VRBIJ5299Q,193556805093,0.14,0
Arjun,Patel,1992-03-20,GMLNL3888Q,669593704820,0.08,0
Sai,Sharma,1979-11-02,ILWKL0709V,031305910576,0.05,0
Aanya,Gupta,1972-08-31,FCNRI2036U,279612819161,0.12,0
Kavya,Desai,1987-05-07,CGLAY3401P,423386942732,0.09,0
Vivaan,Sharma,1989-11-10,NCLGA0702C,044882686884,0.26,0
Arjun,Kumar,1973-06-14,YYXKO6727C,611544562275,0.26,0
Isha,Singh,1992-06-24,TZAEZ7942M,726797675129,0.1,0
Aarav,Mehta,1975-08-23,PXFYZ2587Q,456680957405,0.03,0
Aanya,Kumar,1985-05-18,EHMFZ0179T,986484737351,0.14,0
Nisha,Singh,1984-10-10,VGRMS1288I,337159582294,0.06,0
Arjun,Gupta,1991-12-21,KTHTS3973P,325578943931,0.2,0
Rohan,Gupta,1983-09-22,EOJKS5851D,575425906429,0.16,0
Aditya,Desai,2000-01-19,HCOYA9367C,097252054647,0.19,0
Vivaan,Desai,1970-04-30,FSOYB9791Z,214427415327,0.08,0
Aarav,Joshi,1989-04-27,NCWFT1844D,227549613740,0.15,0
Vivaan,Kumar,1985-12-13,UNCDZ1771N,218936474076,0.29,0
Aarav,Singh,1984-10-29,UAPXP4551X,169318787049,0.07,0
Aditya,Sharma,1991-05-06,JDAUK9452D,508394081661,0.29,0
Vivaan,Verma,1978-04-04,YOIWC3235X,017691749369,0.14,0
Aditya,Rao,1994-08-15,AQGMQ7900A,863243726610,0.07,0
Vihaan,Rao,2001-04-18,VMCHB6790A,760979957048,0.12,0
Arjun,Mehta,1976-04-26,KBUST0168G,469164883474,0.26,0
Isha,Mehta,1976-08-11,HGJQI8981P,595672480999,0.04,0
Vivaan,Gupta,1989-02-28,IMHVD7714A,088798885133,0.28,0
Arjun,Joshi,1976-06-10,DAZSY5637Q,267811416205,0.23,0
Nisha,Mehta,1983-09-25,ZZZKX6410R,525146741484,0.19,0
Aanya,Mehta,1991-07-20,KCIYD2684V,312323545746,0.3,0
Isha,Mehta,1995-12-18,POUOV7997Y,421338788025,0.27,0
Aanya,Kumar,1982-09-21,GQZNC5538G,937183176728,0.21,0
Isha,Sharma,1973-01-26,YXHKP0858W,801425797161,0.07,0
Arjun,Kumar,1999-09-23,HVWHZ7381Y,034732785085,0.18,0
Diya,Mehta,2002-09-16,IIZGT6129C,239499942479,0.2,0
Aditya,Sharma,1972-03-22,NXWQC5716Z,161949640940,0.1,0
Aditya,Kumar,1992-09-06,CDBZV2196Z,823556027285,0.11,0
Aditya,Kumar,1997-05-09,IMRVZ5964S,219833157675,0.15,0
Arjun,Mehta,1975-06-08,HRIRP5101K,222080867549,0.22,0
Sai,Mehta,2000-01-08,ZULML0659H,753551377825,0.17,0
Aanya,Kumar,1995-01-07,VSFBC6857C,720104950897,0.27,0
Vivaan,Gupta,1993-10-16,WKIEH9070K,636284628377,0.21,0
Aditya,Gupta,1986-08-24,FCMDF2126U,595939565391,0.18,0
Aditya,Mehta,1972-06-15,ITYUP1453B,644822381917,0.02,0
Aditya,Sharma,1994-06-04,JMIEM9703J,472752130880,0.16,0
Aanya,Verma,2003-09-27,356803819C,6358638352,0.92,1
Aditya,Rao,1985-09-25,CXZLF4004X,739464382925,0.12,0
Aanya,Mehta,1994-11-13,NAWTV5536T,456537153283,0.22,0
Isha,Gupta,1983-11-28,NDISB6139B,127695846239,0.14,0
Isha,Joshi,1983-05-30,ZNCZB1388G,535897341635,0.09,0
Vihaan,Verma,1987-12-11,LNNLL9551Z,190374866844,0.03,0
Aditya,Joshi,1988-06-10,ALGYR4715T,982203794950,0.12,0
Vivaan,Desai,1988-06-26,UHUOB4503B,198146359214,0.29,0
Vihaan,Singh,1980-05-29,SJJCI0840D,597161128024,0.25,0
Nisha,Kumar,1991-07-19,KFEKR6862W,376872252515,0.08,0
Arjun,Joshi,1992-07-17,VDMMA2665F,466341538083,0.1,0
Arjun,Gupta,1974-02-10,JFPIX5803B,539612765816,0.1,0
Isha,Verma,1999-07-28,ORWDI3630S,427697407931,0.16,0
Sai,Singh,1982-12-09,CFVMZ5117E,032401630912,0.1,0
Arjun,Kumar,1987-06-21,682396430N,2325679629,0.88,1
Rohan,Rao,1991-05-26,347390043G,2353036480,0.89,1
Nisha,Desai,1972-01-28,YXKTT8095F,776846127285,0.12,0
Aarav,Rao,1978-07-18,AQHIM8438F,583810418750,0.26,0
Vivaan,Patel,1995-09-16,MGYBL1393G,582683738606,0.25,0
Vihaan,Mehta,1983-10-21,232258046R,4413944579,0.97,1
Nisha,Rao,1972-02-29,JYVRQ1361V,884189427091,0.18,0
Aarav,Gupta,1977-11-06,AUXIB3386B,309432643431,0.21,0
Vivaan,Mehta,1975-04-20,TDJIZ6034C,126951006813,0.02,0
Aarav,Joshi,1970-02-07,IFYJP8431X,835435265745,0.11,0
Sai,Singh,1982-01-25,YRSHX4672H,523225177154,0.29,0
Kavya,Patel,1990-01-05,XGSHI5456R,625294590523,0.29,0
Aarav,Joshi,1996-03-25,HXKOF8308U,572223475182,0.2,0
Arjun,Rao,1972-11-21,OGYGS1381Z,974134809482,0.24,0
Rohan,Gupta,1974-05-08,PZPXT9832S,395077290355,0.08,0
Vihaan,Kumar,1975-03-15,IIPRL4156N,300271557729,0.04,0
Isha,Joshi,1977-02-17,TGHIZ7179M,690344954578,0.23,0
Diya,Desai,1979-11-15,ZNBHU7974V,519618283509,0.25,0
Rohan,Kumar,2001-10-15,NWZAH8776H,552651789340,0.28,0
Aditya,Gupta,1983-08-23,MKZCX8459C,041261003750,0.24,0
Rohan,Desai,1982-01-23,PFAYH7764V,716822231140,0.13,0
Arjun,Sharma,1985-09-17,JBKPQ6872K,772779309596,0.03,0
Rohan,Gupta,1982-08-05,VLIEE2000A,558069546973,0.27,0
Aditya,Patel,2000-03-17,ZBZGB7503Z,430900733919,0.1,0
Aanya,Singh,1987-01-04,GRJCD7561B,433984307139,0.12,0
Aditya,Sharma,1981-12-07,NWRFN5098F,850075660135,0.1,0
Rohan,Gupta,1994-04-02,FEOLV0788N,503965493249,0.22,0
Sai,Rao,2003-12-28,DCBKV6673Z,859404019690,0.17,0
Vihaan,Sharma,2000-08-05,BWAZC0285X,535076917197,0.3,0
Diya,Mehta,1986-12-27,LTFDZ7536E,374790987997,0.1,0
Aditya,Kumar,1974-04-13,ECTAD4527J,115787565184,0.15,0
Diya,Joshi,1993-10-06,UWPFE0036R,137800926979,0.27,0
Aanya,Sharma,1971-11-12,AWYPE6981J,262333619370,0.01,0
Nisha,Singh,1978-04-06,DGLEI7416R,918669055048,0.08,0
Aarav,Mehta,1980-07-28,QURIQ1584A,508549152891,0.08,0
Aditya,Desai,1998-10-04,QZEMH8684Q,652807434766,0.28,0
Vihaan,Gupta,1999-10-05,WJKEW3563A,813634901807,0.22,0
Nisha,Joshi,1994-11-28,LHRLQ6591O,868982168200,0.21,0
Rohan,Singh,1975-07-07,THJWF6252I,407670225641,0.01,0
Sai,Mehta,2002-07-14,QLYSC4647K,538322055528,0.15,0
Aarav,Desai,1975-11-23,SFGJU2863A,378292372047,0.19,0
Aarav,Gupta,1981-04-20,ZNFMP1426U,461670308844,0.26,0
Vihaan,Mehta,1989-02-20,LKKOB5421F,145673213734,0.19,0
Aanya,Sharma,1982-10-04,VEDKP0165U,256607457437,0.12,0
Sai,Gupta,1982-02-08,DRXDI1539F,952410888805,0.08,0
Aanya,Sharma,1978-06-02,LAPLI4775Z,335133366897,0.13,0
Rohan,Mehta,1986-05-22,RSOIX6392B,475979280163,0.21,0
Sai,Desai,1977-03-13,BXUWD4276E,312126808201,0.19,0
Sai,Desai,1978-08-20,131977067Z,0170928988,0.82,1
Aditya,Mehta,1995-10-19,PZMLD3015X,783544086747,0.23,0
Rohan,Kumar,1972-03-13,QMDSH8008B,934555043633,0.21,0
Aanya,Sharma,1994-02-09,VLTGA0300E,077000565283,0.22,0
Isha,Desai,2003-01-17,SBTKU5723U,223145228176,0.2,0
Nisha,Desai,1997-06-05,GOUFK1015N,142564851702,0.26,0
Rohan,Patel,1980-08-24,CTIWZ1411C,004292690199,0.23,0
Diya,Gupta,1973-11-17,VLFAQ3720Z,772085465681,0.02,0
Sai,Verma,1974-11-30,FYXIB2414O,304718176169,0.27,0
Vihaan,Gupta,1971-12-27,SUZCX4548G,245949770317,0.03,0
Isha,Patel,1987-10-28,MUQFC0113B,130216761831,0.2,0
Vihaan,Gupta,1998-03-16,QGVLT3431B,305001374104,0.17,0
Sai,Desai,1973-11-04,READP1542Q,596704435234,0.16,0
Aanya,Desai,1976-10-17,TOTAD1617E,247833535277,0.25,0
Vihaan,Sharma,1970-04-24,XFKJN4094S,273466683409,0.02,0
Sai,Desai,1993-04-20,EAAMC5282Y,043046165784,0.26,0
Isha,Singh,1974-09-01,JPWGO8887V,862755426742,0.06,0
Arjun,Mehta,1979-10-31,PPZNK5806Q,097130723335,0.21,0
Sai,Joshi,1985-06-26,IYHPV4548C,357626698653,0.08,0
Arjun,Rao,1972-07-12,QAMBD1835H,218036304509,0.21,0
Rohan,Mehta,1974-02-05,TIBMD9859F,637470840978,0.21,0
Arjun,Verma,1991-02-10,TSVTA0527O,456411958927,0.03,0
Sai,Patel,1991-10-08,TOFFI9789Y,691068033160,0.19,0
Isha,Rao,1982-10-07,CLVEM6217A,768428435010,0.08,0
Kavya,Verma,1990-12-12,FOHNJ3746G,886990547116,0.21,0
Arjun,Verma,2003-05-17,LJHRI5881N,689902520894,0.3,0
Isha,Sharma,1988-08-28,QFGPG4765V,460869664139,0.01,0
Vihaan,Verma,1994-02-12,CRFDT1314Z,108341458567,0.03,0
Aarav,Singh,2001-12-26,NADTM2810J,984267112964,0.09,0
Diya,Rao,1979-10-31,DKJAR4457A,202777293371,0.21,0
Arjun,Verma,1981-11-10,GDWOD6191N,269924894469,0.26,0
Rohan,Kumar,2000-05-09,XFHST7695T,371466764258,0.14,0
Aditya,Singh,1988-04-03,UIGSD0756T,255036056395,0.22,0
Arjun,Sharma,1980-04-05,XBPWM2450X,028166675344,0.09,0
Sai,Verma,2002-10-04,MVRII6452Z,351537665513,0.22,0
Rohan,Patel,1984-10-08,OHIZG1859L,549093933281,0.2,0
Aarav,Rao,1980-06-22,DWCGX2977U,275891652136,0.09,0
Nisha,Patel,1983-12-10,OOOQF2376M,149005371092,0.24,0
Rohan,Desai,1986-06-01,MCUDR2980M,113052412392,0.29,0
Nisha,Singh,1971-10-27,TVDCF4962Y,684480553462,0.22,0
Vihaan,Joshi,1991-05-13,DGLLY8655Y,284180450437,0.07,0
Diya,Mehta,1996-11-12,IQNWM5220V,417980603413,0.18,0
Arjun,Desai,1983-03-14,XTINU6548A,304951105278,0.17,0
Aanya,Verma,2002-03-22,THTEK3183D,260277467126,0.25,0
Isha,Verma,1984-09-04,GSFTW7074K,007134800546,0.12,0
Kavya,Patel,1978-04-04,QUBEG8590U,999596594800,0.16,0
Sai,Rao,1974-11-28,LURNH0412L,951140939294,0.28,0
Aditya,Desai,1971-05-25,RLNOX4502Q,422486423748,0.01,0
Arjun,Mehta,1989-08-25,EMCAS7929V,411900246022,0.07,0
Aditya,Singh,1989-10-21,JFXGE1715R,932413071438,0.29,0
Aarav,Mehta,1988-02-18,FXXFL3434N,908279415452,0.13,0
Isha,Sharma,1977-01-25,IBDHX2315J,337527186803,0.09,0
Diya,Joshi,1988-09-10,KFYTU6946O,756454362630,0.21,0
Aarav,Sharma,1981-06-29,LPTSE2447I,314569183561,0.14,0
Arjun,Singh,1997-07-10,HEZII4748Q,666442065832,0.03,0
Arjun,Kumar,1994-09-08,KVMWV2274L,083816145795,0.22,0
Isha,Singh,1977-08-20,ABYBC5199B,437359231491,0.14,0
Isha,Joshi,1973-09-24,XYBOX1749E,171278325214,0.06,0
Aarav,Sharma,1973-09-03,AKIDX0790E,884752864909,0.12,0
Vihaan,Sharma,1994-07-20,TRUZO3242P,494450064411,0.21,0
Sai,Patel,1999-08-18,RGOLS9120P,485996133036,0.17,0
Rohan,Desai,1986-06-06,OHJJI1423I,724396128057,0.19,0
Isha,Verma,1972-02-14,BBXPT3657M,914308961502,0.24,0
Isha,Mehta,2004-04-08,545455690N,6873938641,0.77,1
Arjun,Singh,1971-03-27,KCFCD5831S,994941500552,0.25,0
Arjun,Patel,1972-05-25,RVKAS8586A,733848151569,0.2,0
Nisha,Patel,1998-11-30,KHUMN8605W,196881101842,0.11,0
Nisha,Verma,1986-04-30,BHUAF1888E,640027082442,0.28,0
Aditya,Kumar,1985-07-09,XXAAJ8113M,413682296368,0.15,0
Arjun,Singh,2004-11-11,JNLGX0869M,597451376844,0.22,0
Aditya,Joshi,1978-05-20,ZNXHR1782I,344474336916,0.03,0
Nisha,Verma,1979-12-04,WFURA0134Z,601518805000,0.3,0
Aditya,Singh,1993-08-24,OZZIH4404D,351211431364,0.08,0
Arjun,Mehta,1976-08-20,TVYYC3152Z,096256386576,0.23,0
Isha,Singh,1986-08-30,GMGTO0849R,409243108602,0.23,0
Sai,Desai,1988-05-23,QQMKW6088Z,203080802824,0.13,0
Isha,Rao,1982-07-24,LMWXJ5779T,611507932725,0.22,0
Diya,Desai,1977-07-07,XNOJU1269Q,503535952367,0.09,0
Kavya,Joshi,1978-04-22,ZLVCJ3422D,255353124713,0.02,0
Vivaan,Desai,2002-04-05,DXBXH6561M,006236841605,0.19,0
Diya,Joshi,1991-06-19,HLSPA3207Z,909260040056,0.2,0
Vihaan,Singh,2004-08-30,TKRCT9194P,157749678509,0.15,0
Rohan,Desai,1976-01-31,NCVEP5044T,245346815956,0.15,0
Vivaan,Kumar,1990-10-24,URWTB1557Z,704220101044,0.25,0
Vivaan,Verma,2003-07-28,VJSOK1864D,730429157662,0.01,0
Aditya,Desai,2001-11-30,YHJBB6627Y,453302232741,0.22,0
Vihaan,Verma,1973-04-27,GBBUT2165U,983927454004,0.08,0
Aanya,Mehta,1973-11-21,941822874T,9097202124,0.86,1
Diya,Rao,1993-07-25,EYSNV7876C,714007210679,0.13,0
Diya,Kumar,1986-02-11,KGWQF2591E,669518015896,0.23,0
Arjun,Rao,1977-03-13,GSTSL4366C,667487888600,0.03,0
Vivaan,Joshi,1984-01-04,ELCAT8023I,483030932628,0.27,0
Aarav,Verma,1986-07-24,DRZBL5340R,248541919684,0.23,0
Rohan,Singh,1972-06-02,HEZDC7965N,412674005893,0.28,0
Nisha,Singh,2004-09-12,RYMCP1271O,636730034441,0.15,0
Rohan,Gupta,1991-11-13,NSJOD3082D,777002875615,0.06,0
Rohan,Kumar,1992-11-22,TMRBF4468M,786054901686,0.22,0
Sai,Kumar,2003-12-15,RFYKH1663A,864326720082,0.12,0
Nisha,Desai,1998-11-14,KEJXS7147G,544607246982,0.17,0
Isha,Gupta,1974-11-25,TCCOG9104D,599096101881,0.22,0
Aanya,Desai,1986-12-15,GHBNS5332A,947616004304,0.06,0
Rohan,Desai,1973-03-20,DXWRT9698O,399916544238,0.23,0
Vivaan,Joshi,1998-09-08,HYWPF0739G,709426440699,0.08,0
Rohan,Singh,1981-07-17,YYEFD0155J,869024549654,0.23,0
Kavya,Mehta,1990-06-05,FZORW4757S,048635128604,0.25,0
Nisha,Rao,1975-08-11,JPDMN2828M,862484486919,0.19,0
Sai,Rao,1999-10-09,XQDBO4353Q,231908475959,0.03,0
Diya,Joshi,1999-12-25,VEUPT9656B,407909377100,0.09,0
Aditya,Rao,1988-06-03,QHAVS8283H,072310783664,0.12,0
Aditya,Verma,1984-07-11,TTWRQ0062A,856277213867,0.26,0
Vihaan,Mehta,1988-10-24,TPJAW7935H,021493246789,0.05,0
Vivaan,Rao,1982-08-22,563778949A,4713974685,0.87,1
Nisha,Kumar,1974-01-23,RJZVG7445V,031631858268,0.2,0
Kavya,Joshi,2001-01-21,CCKTF4005D,474433595970,0.18,0
Nisha,Gupta,1982-06-20,NXHUG7669X,883797289821,0.24,0
Isha,Singh,1987-08-06,VOMGS9321G,658713776631,0.03,0
Kavya,Desai,1971-03-25,LTKZF7163U,492027938315,0.2,0
Vivaan,Rao,1978-09-10,OYCCK2808H,380352101351,0.19,0
Kavya,Desai,2002-06-23,OYVUF8413Y,363981120909,0.21,0
Arjun,Joshi,2000-04-11,UIODS1136H,153586017490,0.2,0
Diya,Desai,1985-06-11,HUKOS9579J,915140189637,0.05,0
Aditya,Rao,2003-09-26,EIHBM6347E,586074372704,0.08,0
Sai,Desai,2003-05-27,MTVBT6854K,580930671220,0.08,0
Sai,Joshi,1981-05-05,HDBDL7865T,828132355670,0.13,0
Sai,Sharma,2002-03-17,RQZXV9211L,091006930574,0.21,0
Isha,Gupta,1995-03-06,CJFCO6434T,109249310782,0.14,0
Diya,Sharma,1972-08-18,SOTZG5701P,145832441257,0.12,0
Isha,Patel,2003-10-16,ZDZZM8902X,870731989350,0.11,0
Diya,Singh,1989-03-18,ZNSGN2193Q,801598475319,0.18,0
Diya,Rao,1993-01-15,KCQNW4904E,164889608069,0.18,0
Sai,Gupta,1997-12-24,XRQGQ0411A,322288029594,0.18,0
Kavya,Mehta,1998-06-03,TCQKX7327F,316345243647,0.02,0
Vivaan,Rao,1980-09-19,VPLCA7425G,731416064066,0.27,0
Rohan,Gupta,1995-12-10,XZRMB4567Q,298378316862,0.26,0
Kavya,Joshi,2003-01-14,XSPZL8391J,713551784234,0.12,0
Isha,Gupta,1994-09-05,SZPVS2132X,246426243390,0.23,0
Aarav,Rao,1980-01-10,HREKF0536G,199985960270,0.28,0
Aarav,Mehta,1990-09-05,HDEAR6851A,981005395229,0.29,0
Diya,Gupta,1991-05-12,ZDLAG5227X,017952874860,0.11,0
Rohan,Patel,1977-01-18,POLIV4985A,036214629799,0.1,0
Aanya,Mehta,1997-08-13,ICLOB1207I,558462161886,0.12,0
Diya,Rao,1973-10-02,PEUKV2577D,943550420571,0.03,0
Arjun,Patel,1974-11-08,BFZNZ6515L,143636200189,0.12,0
Kavya,Joshi,1977-09-30,DQKCX6273T,623101300671,0.16,0
Vihaan,Mehta,1977-07-09,LHTAA5391M,595848998652,0.24,0
Vihaan,Kumar,1981-12-11,KWNCG0944W,599128480508,0.19,0
Diya,Singh,1998-02-03,MFTWR9148T,491036751154,0.12,0
Nisha,Singh,1980-10-29,TAVGT8407W,590450631002,0.25,0
Sai,Singh,1997-09-03,TFNYX8523T,949387625071,0.27,0
Nisha,Desai,1997-05-30,OPWNW2442C,074217039690,0.13,0
Arjun,Joshi,1985-08-16,VRNPC2021C,069958078006,0.1,0
Aarav,Patel,1979-10-09,LIVYZ4680A,267499602921,0.2,0
Vihaan,Joshi,1989-08-12,YVQRT7215R,086087676532,0.06,0
Diya,Gupta,2002-05-12,SHGJZ4885P,928788132729,0.28,0
Aanya,Joshi,1977-02-15,QTRVL0586O,737257102672,0.14,0
Nisha,Desai,1970-11-03,GVBYM4766T,512994791388,0.09,0
Vihaan,Kumar,1972-05-26,MVUIK9952B,613324023940,0.03,0
Vivaan,Rao,1988-12-30,JQPHM6689M,038222020089,0.08,0
Rohan,Rao,1985-01-24,EELQW2692M,198337375793,0.18,0
Vihaan,Desai,2002-03-29,HQOMT6618U,613242559297,0.02,0
Nisha,Desai,1989-04-09,NYBYT7354N,302721529451,0.24,0
Aarav,Mehta,1985-08-31,VMAAS6490B,736406768466,0.02,0
Aditya,Joshi,1978-12-27,DPZOX7060H,589860420711,0.03,0
Nisha,Rao,2001-05-17,XNECJ0884X,381650085625,0.22,0
Arjun,Verma,1978-07-25,BDSEJ2918C,931551222376,0.07,0
Nisha,Kumar,2003-09-16,611285535U,3392802406,0.9,1
Diya,Desai,1983-07-21,GWRBJ1661X,153712101653,0.19,0
Arjun,Singh,2002-04-07,XMPDQ2809F,553221090050,0.03,0
Aanya,Patel,1970-07-01,WLTDF2234T,793942011541,0.23,0
Aanya,Verma,1974-05-08,859238124H,0168040354,0.96,1
Vihaan,Kumar,2004-05-29,RXZPL8075Y,852504490544,0.23,0
Vihaan,Singh,1974-03-18,MOYAZ8390C,946076655374,0.25,0
Diya,Mehta,1993-09-05,XQXXJ4555I,497522323119,0.1,0
Kavya,Singh,1981-01-13,NEIAW9298G,297044168691,0.06,0
Arjun,Patel,1994-12-23,PAEYB5521K,923565896176,0.07,0
Sai,Gupta,1989-05-05,KAKBV1043N,198386323618,0.03,0
Sai,Joshi,1983-03-13,RWOEE7427A,699037703941,0.09,0
Vihaan,Kumar,1987-07-31,BTYTH7942P,340202998499,0.08,0
Diya,Gupta,1974-10-09,TYUAL5258F,671080575338,0.04,0
Rohan,Desai,1980-08-29,RNOYC3746O,847394608126,0.2,0
Aarav,Sharma,1985-02-08,WNKBP6737Q,260356839267,0.28,0
Vivaan,Desai,1984-02-08,BKYGN0935U,678546564327,0.21,0
Aarav,Rao,1977-05-27,XAEEM8638A,214129686491,0.27,0
Aarav,Patel,1999-10-23,UWSVV2574C,493911396730,0.09,0
Vihaan,Singh,1980-09-05,MLYPO5471Q,828507493134,0.18,0
Kavya,Gupta,1982-06-01,ESAMZ8968I,637129530175,0.13,0
Vihaan,Sharma,2000-03-06,EBYGR4839P,153771677693,0.07,0
Vihaan,Verma,1979-04-20,VUWZY8406A,946122933122,0.28,0
Nisha,Verma,2000-07-05,XGMAR4731C,908791240618,0.29,0
Isha,Singh,2003-08-26,MFMGG6456Q,402093962467,0.26,0
Aanya,Singh,1995-12-31,QJUKV9254B,243053224890,0.24,0
Kavya,Singh,1982-02-06,LLBPJ0873H,955955260406,0.02,0
Arjun,Rao,1970-08-14,ZJWFR3023F,281487017917,0.04,0
Isha,Rao,1985-08-11,975668228D,5672904125,0.88,1
Vivaan,Verma,1982-02-23,451396794E,5548294917,0.88,1
Vivaan,Patel,1977-01-10,WFIHB6159D,131826497906,0.28,0
Nisha,Rao,1993-03-14,UDPDW7764S,624965537982,0.25,0
Vivaan,Joshi,1988-05-12,NIUDV6229D,825145501955,0.25,0
Rohan,Patel,2003-12-12,PNJDB1105E,342577608826,0.28,0
Aanya,Kumar,1973-07-24,XVSVQ5719U,824060845974,0.11,0
Arjun,Joshi,1971-06-13,XAMNS4620Z,856097811931,0.2,0
Diya,Rao,1972-01-21,QPQFJ4567O,267646406522,0.03,0
Vivaan,Patel,2004-05-31,QZIMQ3600M,861957403848,0.17,0
Aarav,Joshi,1970-05-02,AAXPE2025I,617451328965,0.1,0
Nisha,Desai,1982-04-03,GKBJE1404Z,255537897802,0.13,0
Kavya,Kumar,1973-08-23,XVCVJ8717H,660404668242,0.16,0
Arjun,Kumar,1980-09-24,HKOMR7794F,463020425222,0.06,0
Aanya,Joshi,1977-05-11,YUNAX8920J,962769583907,0.21,0
Vivaan,Desai,1974-03-07,QRDCR3747W,245093336967,0.06,0
Rohan,Gupta,1977-12-27,KNPOT5923O,510089162723,0.23,0
Diya,Mehta,1979-09-25,PAHJR3095S,890091389306,0.21,0
Vihaan,Verma,1993-12-05,VZDSM0530K,309667274731,0.28,0
Aanya,Verma,1998-12-01,TDSXY4119B,304065060599,0.15,0
